cep_inicial,cep_final,uf,cidade,bairro,lat,lon,ibge
01000000,01999999,SP,São Paulo,Centro / Região Central,-23.5505,-46.6333,3550308
02000000,02999999,SP,São Paulo,Zona Norte / Santana / Tucuruvi,-23.498,-46.623,3550308
03000000,03999999,SP,São Paulo,Zona Leste / Tatuapé / Mooca,-23.54,-46.575,3550308
04000000,04999999,SP,São Paulo,Zona Sul / Moema / Santo Amaro,-23.6062,-46.6653,3550308
05000000,05999999,SP,São Paulo,Zona Oeste / Pinheiros / Lapa,-23.567,-46.694,3550308
06000000,06299999,SP,Osasco,Sede / Centro / Bairros,-23.5329,-46.7916,3534401
06300000,06399999,SP,Carapicuíba,Sede / Centro,-23.5222,-46.8356,3510609
06400000,06499999,SP,Barueri / Alphaville,Sede / Alphaville,-23.5105,-46.8761,3505708
06500000,06549999,SP,Santana de Parnaíba,Sede / Centro,-23.4442,-46.9178,3547304
06700000,06729999,SP,Cotia,Sede / Granja Viana,-23.6039,-46.919,3513009
06750000,06799999,SP,Taboão da Serra,Sede / Centro,-23.6019,-46.7578,3552809
06800000,06849999,SP,Embu das Artes,Sede / Centro,-23.6492,-46.8525,3515004
06850000,06899999,SP,Itapecerica da Serra,Sede / Centro,-23.7169,-46.8497,3522208
07000000,07399999,SP,Guarulhos,Sede / Centro / Aeroporto,-23.4542,-46.5333,3518800
07400000,07499999,SP,Arujá,Sede / Centro,-23.3967,-46.3211,3503901
07500000,07599999,SP,Santa Isabel,Sede / Centro,-23.3161,-46.2236,3546801
07600000,07699999,SP,Mairiporã,Sede / Centro,-23.3186,-46.5867,3528502
07700000,07749999,SP,Caieiras,Sede / Centro,-23.3644,-46.7408,3509007
07750000,07799999,SP,Franco da Rocha,Sede / Centro,-23.3283,-46.7269,3516408
07800000,07899999,SP,Francisco Morato,Sede / Centro,-23.2817,-46.7439,3516309
08000000,08499999,SP,São Paulo,Zona Leste Extrema / Itaquera,-23.535,-46.452,3550308
08500000,08549999,SP,Ferraz de Vasconcelos,Sede / Centro,-23.5414,-46.3686,3515707
08550000,08569999,SP,Poá,Sede / Centro,-23.5336,-46.3439,3539806
08570000,08599999,SP,Itaquaquecetuba,Sede / Centro,-23.4861,-46.3483,3523107
08600000,08699999,SP,Suzano,Sede / Centro,-23.5425,-46.3108,3552502
08700000,08899999,SP,Mogi das Cruzes,Sede / Centro / Distritos,-23.5206,-46.1856,3530607
09000000,09299999,SP,Santo André,Sede / Bairros,-23.6639,-46.5383,3547809
09300000,09399999,SP,Mauá,Sede / Centro,-23.6678,-46.4614,3529401
09400000,09449999,SP,Ribeirão Pires,Sede / Centro,-23.7142,-46.4136,3543303
09450000,09499999,SP,Rio Grande da Serra,Sede / Centro,-23.7436,-46.3986,3544103
09500000,09599999,SP,São Caetano do Sul,Sede / Bairros,-23.6228,-46.5547,3548807
09600000,09899999,SP,São Bernardo do Campo,Sede / Rudge Ramos / Bairros,-23.6914,-46.5647,3548708
09900000,09999999,SP,Diadema,Sede / Centro / Bairros,-23.6865,-46.6228,3513801
20000000,20499999,RJ,Rio de Janeiro,Centro / Zona Portuária,-22.9068,-43.1729,3304557
20500000,21999999,RJ,Rio de Janeiro,Zona Norte / Tijuca / Méier,-22.9242,-43.2325,3304557
22000000,22999999,RJ,Rio de Janeiro,Zona Sul / Copacabana / Barra,-22.9711,-43.1825,3304557
24000000,24399999,RJ,Niterói,Sede / Centro / Icaraí,-22.8859,-43.1153,3303302
24400000,24799999,RJ,São Gonçalo,Sede / Centro,-22.8269,-43.0539,3304904
25000000,25299999,RJ,Duque de Caxias,Sede / Centro,-22.7856,-43.3117,3301702
26000000,26299999,RJ,Nova Iguaçu,Sede / Centro,-22.7561,-43.4608,3303500
30000000,31999999,MG,Belo Horizonte,Sede / Centro / Bairros,-19.9167,-43.9345,3106200
32000000,32399999,MG,Contagem,Sede / Centro / Eldorado,-19.9386,-44.0536,3118601
32500000,32699999,MG,Betim,Sede / Centro,-19.9678,-44.1983,3106705
33000000,33199999,MG,Santa Luzia,Sede / Centro,-19.7697,-43.8514,3157807
40000000,42599999,BA,Salvador,Sede / Bairros / Orla,-12.9777,-38.5016,2927408
42700000,42799999,BA,Lauro de Freitas,Sede / Vilas do Atlântico,-12.8944,-38.3272,2919207
42800000,42849999,BA,Camaçari,Sede / Polo,-12.6975,-38.3242,2905701
43700000,43799999,BA,Simões Filho,Sede / Centro,-12.7844,-38.4028,2930709
50000000,52999999,PE,Recife,Recife / Boa Viagem / Centro / Zonas,-8.0578,-34.8829,2611606
53000000,53399999,PE,Olinda,Sede / Bairros,-8.0089,-34.8553,2609600
53400000,53499999,PE,Paulista,Sede / Centro,-7.9408,-34.8728,2610707
53600000,53699999,PE,Igarassu,Sede / Centro,-7.8342,-34.9064,2606804
54000000,54499999,PE,Jaboatão dos Guararapes,Sede / Piedade / Prazeres,-8.1128,-35.0156,2607901
54500000,54599999,PE,Cabo de Santo Agostinho,Sede / Litoral,-8.2833,-35.0333,2602902
54750000,54799999,PE,Camaragibe,Sede / Centro,-8.0203,-34.9781,2603454
60000000,60999999,CE,Fortaleza,Sede / Bairros / Distritos,-3.7319,-38.5267,2304400
61600000,61699999,CE,Caucaia,Sede / Litoral,-3.7361,-38.6531,2303709
61760000,61799999,CE,Eusébio,Sede / Centro,-3.8906,-38.4528,2304285
61800000,61899999,CE,Aquiraz,Sede / Centro,-3.9011,-38.3911,2301000
61900000,61999999,CE,Maracanaú,Sede / Centro,-3.8767,-38.6256,2307650
70000000,70999999,DF,Brasília,Plano Piloto / Asas / Lago,-15.7975,-47.8919,5300108
71000000,71999999,DF,Brasília,Taguatinga / Ceilândia / Águas Claras,-15.8333,-48.0567,5300108
72000000,72799999,DF,Brasília,Samambaia / Santa Maria / Gama,-15.8753,-48.0858,5300108
72800000,72899999,GO,Luziânia,Entorno DF,-16.2525,-47.95,5212501
72900000,72999999,GO,Valparaíso de Goiás,Entorno DF,-16.0689,-47.9764,5221858
80000000,82999999,PR,Curitiba,Sede / Bairros / Distritos,-25.4284,-49.2733,4106902
83000000,83099999,PR,São José dos Pinhais,Sede / Centro,-25.5347,-49.2064,4125506
83200000,83299999,PR,Paranaguá,Sede / Litoral,-25.5205,-48.5095,4118204
83300000,83399999,PR,Piraquara,Sede / Centro,-25.4419,-49.0628,4119509
83400000,83499999,PR,Colombo,Sede / Centro,-25.2917,-49.2242,4105805
83600000,83699999,PR,Campo Largo,Sede / Centro,-25.4597,-49.5278,4104204
83700000,83799999,PR,Araucária,Sede / Centro,-25.5928,-49.4103,4101804
90000000,91999999,RS,Porto Alegre,Sede / Bairros,-30.0346,-51.2177,4314902
92000000,92499999,RS,Canoas,Sede / Centro,-29.9178,-51.1836,4304606
93000000,93199999,RS,São Leopoldo,Sede / Centro,-29.7547,-51.1478,4318705
94000000,94199999,RS,Gravataí,Sede / Centro,-29.9439,-50.9933,4309209
